<?xml version="1.0" encoding="UTF-8" standalone="no"?>
	<featureModel>
		<struct>
			<alt abstract="true" mandatory="true" name="BerkeleyDb">
				<and abstract="true" mandatory="true" name="BerkeleyDB">
					<alt abstract="true" name="FLogging">
						<and abstract="true" mandatory="true" name="Logging">
							<feature name="featureLoggingFile"/>
							<feature name="featureLoggingConsole"/>
							<feature name="featureLoggingDbLog"/>
							<feature name="featureLoggingFinest"/>
							<feature name="featureLoggingFiner"/>
							<feature name="featureLoggingFine"/>
							<feature name="featureLoggingInfo"/>
							<feature name="featureLoggingConfig"/>
							<feature name="featureLoggingSevere"/>
							<feature mandatory="true" name="featureLoggingBase"/>
						</and>
					</alt>
					<alt abstract="true" mandatory="true" name="FPersistency">
						<and abstract="true" mandatory="true" name="Persistency">
							<or abstract="true" name="FPersistencyFeatures">
								<feature mandatory="true" name="featureChecksum"/>
								<feature mandatory="true" name="featureFileHandleCache"/>
								<feature mandatory="true" name="featureHandleFullDiscError"/>
								<feature mandatory="true" name="featureEnvironmentLock"/>
								<and abstract="true" mandatory="true" name="Checkpointer">
									<feature name="featureCustomizableCheckpointerTime"/>
									<feature name="featureCustomizableCheckpointerBytes"/>
									<feature name="featureCheckpointerDaemon"/>
								</and>
								<and abstract="true" mandatory="true" name="Cleaner">
									<feature name="featureLookAheadCache"/>
									<feature name="featureCleanerDaemon"/>
								</and>
							</or>
							<alt abstract="true" mandatory="true" name="FIOFeature">
								<and abstract="true" mandatory="true" name="NIO">
									<feature name="featureDirectNIO"/>
									<alt abstract="true" mandatory="true" name="FNIOType">
										<feature mandatory="true" name="featureNIO"/>
										<feature mandatory="true" name="featureChunkedNIO"/>
									</alt>
								</and>
								<and abstract="true" mandatory="true" name="IO">
									<feature name="featureSynchronizedIO"/>
									<feature mandatory="true" name="featureIO"/>
								</and>
							</alt>
						</and>
					</alt>
					<alt abstract="true" name="FStatistics">
						<and abstract="true" mandatory="true" name="Statistics">
							<or abstract="true" mandatory="true" name="FStatisticsFeatures">
								<and abstract="true" mandatory="true" name="EnvStats">
									<feature name="featureStatisticsEnvLog"/>
									<feature name="featureStatisticsEnvINCompressor"/>
									<feature name="featureStatisticsEnvFSync"/>
									<feature name="featureStatisticsEnvEvictor"/>
									<feature name="featureStatisticsEnvCleaner"/>
									<feature name="featureStatisticsEnvCheckpointer"/>
									<feature name="featureStatisticsEnvCaching"/>
									<feature mandatory="true" name="featureStatisticsEnvBase"/>
								</and>
								<feature mandatory="true" name="featureStatisticsDatabase"/>
								<feature mandatory="true" name="featureStatisticsLock"/>
								<feature mandatory="true" name="featureStatisticsPreload"/>
								<feature mandatory="true" name="featureStatisticsSequence"/>
								<feature mandatory="true" name="featureStatisticsTransaction"/>
							</or>
							<feature mandatory="true" name="featureStatisticsBase"/>
						</and>
					</alt>
					<feature name="featureMemoryBudget"/>
					<or abstract="true" name="FConcurrency">
						<feature mandatory="true" name="featureLatch"/>
						<feature mandatory="true" name="featureFSync"/>
						<feature mandatory="true" name="featureTransaction"/>
						<feature mandatory="true" name="dummyFeatureLocking"/>
						<feature mandatory="true" name="featureCheckLeaks"/>
					</or>
					<or abstract="true" name="FDbOperation">
						<feature mandatory="true" name="featureDeleteDb"/>
						<feature mandatory="true" name="featureTruncateDb"/>
					</or>
					<alt abstract="true" mandatory="true" name="FBtree">
						<and abstract="true" mandatory="true" name="BTree">
							<feature name="featureVerifier"/>
							<feature name="featureTreeVisitor"/>
							<feature name="featureINCompressor"/>
							<alt abstract="true" name="FEvictor">
								<and abstract="true" mandatory="true" name="Evictor">
									<feature name="featureCriticalEviction"/>
									<feature name="featureEvictorDaemon"/>
									<feature mandatory="true" name="featureEvictor"/>
								</and>
							</alt>
						</and>
					</alt>
					<feature mandatory="true" name="BASE"/>
				</and>
			</alt>
		</struct>
		<constraints>
			<rule>
				<imp>
					<disj>
						<var>featureEvictor</var>
						<disj>
							<var>featureEvictorDaemon</var>
							<disj>
								<var>featureLookAheadCache</var>
								<var>featureStatisticsEnvCaching</var>
							</disj>
						</disj>
					</disj>
					<var>featureMemoryBudget</var>
				</imp>
			</rule>
			<rule>
				<imp>
					<var>featureCheckLeaks</var>
					<var>featureStatisticsLock</var>
				</imp>
			</rule>
			<rule>
				<imp>
					<var>featureCriticalEviction</var>
					<var>featureINCompressor</var>
				</imp>
			</rule>
			<rule>
				<imp>
					<var>featureCustomizableCheckpointerBytes</var>
					<var>featureCustomizableCheckpointerTime</var>
				</imp>
			</rule>
			<rule>
				<imp>
					<var>featureDeleteDb</var>
					<conj>
						<var>dummyFeatureLocking</var>
						<conj>
							<var>featureEvictor</var>
							<conj>
								<var>featureINCompressor</var>
								<var>featureMemoryBudget</var>
							</conj>
						</conj>
					</conj>
				</imp>
			</rule>
			<rule>
				<imp>
					<var>featureLatch</var>
					<conj>
						<var>dummyFeatureLocking</var>
						<conj>
							<var>featureCheckLeaks</var>
							<conj>
								<var>featureDeleteDb</var>
								<conj>
									<var>featureEvictor</var>
									<conj>
										<var>featureFileHandleCache</var>
										<conj>
											<var>featureFSync</var>
											<conj>
												<var>featureINCompressor</var>
												<conj>
													<var>featureMemoryBudget</var>
													<conj>
														<var>featureStatisticsLock</var>
														<conj>
															<var>featureTreeVisitor</var>
															<conj>
																<var>featureTruncateDb</var>
																<var>featureVerifier</var>
															</conj>
														</conj>
													</conj>
												</conj>
											</conj>
										</conj>
									</conj>
								</conj>
							</conj>
						</conj>
					</conj>
				</imp>
			</rule>
			<rule>
				<imp>
					<var>featureLoggingSevere</var>
					<var>featureEnvironmentLock</var>
				</imp>
			</rule>
			<rule>
				<imp>
					<var>featureLoggingFine</var>
					<conj>
						<var>dummyFeatureLocking</var>
						<conj>
							<var>featureEvictor</var>
							<var>featureINCompressor</var>
						</conj>
					</conj>
				</imp>
			</rule>
			<rule>
				<imp>
					<var>featureLoggingInfo</var>
					<conj>
						<var>featureChecksum</var>
						<var>featureMemoryBudget</var>
					</conj>
				</imp>
			</rule>
			<rule>
				<imp>
					<disj>
						<var>featureLoggingBase</var>
						<var>featureLoggingFinest</var>
					</disj>
					<var>featureTransaction</var>
				</imp>
			</rule>
			<rule>
				<imp>
					<var>featureMemoryBudget</var>
					<conj>
						<var>featureEvictor</var>
						<var>featureLatch</var>
					</conj>
				</imp>
			</rule>
			<rule>
				<imp>
					<disj>
						<var>featureStatisticsLock</var>
						<var>featureStatisticsTransaction</var>
					</disj>
					<var>dummyFeatureLocking</var>
				</imp>
			</rule>
			<rule>
				<imp>
					<var>featureStatisticsEnvEvictor</var>
					<var>featureEvictor</var>
				</imp>
			</rule>
			<rule>
				<imp>
					<var>featureStatisticsEnvFSync</var>
					<var>featureFSync</var>
				</imp>
			</rule>
			<rule>
				<imp>
					<var>featureStatisticsEnvINCompressor</var>
					<var>featureINCompressor</var>
				</imp>
			</rule>
			<rule>
				<imp>
					<var>featureStatisticsTransaction</var>
					<var>featureTransaction</var>
				</imp>
			</rule>
			<rule>
				<imp>
					<var>featureStatisticsDatabase</var>
					<var>featureTreeVisitor</var>
				</imp>
			</rule>
			<rule>
				<imp>
					<var>featureTransaction</var>
					<conj>
						<var>dummyFeatureLocking</var>
						<conj>
							<var>featureDeleteDb</var>
							<var>featureTruncateDb</var>
						</conj>
					</conj>
				</imp>
			</rule>
			<rule>
				<imp>
					<var>featureTruncateDb</var>
					<var>featureDeleteDb</var>
				</imp>
			</rule>
			<rule>
				<imp>
					<var>featureVerifier</var>
					<conj>
						<var>featureINCompressor</var>
						<var>featureTreeVisitor</var>
					</conj>
				</imp>
			</rule>
		</constraints>
		<comments>
			<c>Semantic Dependencies</c>
		</comments>
	</featureModel>
