<?xml version="1.0" encoding="UTF-8" standalone="no"?>
<featureModel>
	<struct>
		<and mandatory="true" name="ebay">
			<feature mandatory="true" name="Login"/>
			<or mandatory="true" name="Payment">
				<feature name="CreditCard"/>
				<feature name="PayPal"/>
				<feature name="Cheque"/>
				<feature name="PostalOrder"/>
				<feature name="Escrow"/>
			</or>
			<and mandatory="true" name="Search">
				<feature name="Categories"/>
			</and>
			<feature mandatory="true" name="Notification"/>
			<or mandatory="true" name="Shipment">
				<feature name="Premium"/>
				<feature name="Standard"/>
			</or>
			<alt mandatory="true" name="Security">
				<feature name="High"/>
				<feature name="Standard_1"/>
			</alt>
			<feature mandatory="true" name="Logout"/>
			<or mandatory="true" name="Compatibility">
				<feature name="PC"/>
				<or name="Tablets">
					<feature name="Windows"/>
					<feature name="Apple"/>
					<feature name="Android"/>
				</or>
				<or name="Phone">
					<feature name="Windows_1"/>
					<feature name="Apple_1"/>
					<feature name="Android_1"/>
				</or>
			</or>
			<alt mandatory="true" name="Register">
				<feature name="Retailer"/>
				<feature name="Private"/>
			</alt>
			<feature mandatory="true" name="Unregister"/>
			<or mandatory="true" name="HelpandSupport">
				<feature name="Email"/>
				<feature name="FAQ"/>
				<feature name="Phone_2"/>
				<feature name="Chat"/>
			</or>
			<feature name="CommunityForum"/>
			<feature mandatory="true" name="Sell"/>
			<feature mandatory="true" name="Buy"/>
		</and>
	</struct>
	<constraints>
		<rule>
			<disj>
				<var>Login</var>
				<disj>
					<not>
						<var>Sell</var>
					</not>
					<not>
						<var>Buy</var>
					</not>
				</disj>
			</disj>
		</rule>
		<rule>
			<disj>
				<var>Payment</var>
				<disj>
					<var>Shipment</var>
					<not>
						<var>Sell</var>
					</not>
				</disj>
			</disj>
		</rule>
		<rule>
			<disj>
				<not>
					<var>CreditCard</var>
				</not>
				<var>High</var>
			</disj>
		</rule>
		<rule>
			<disj>
				<not>
					<var>Login</var>
				</not>
				<var>Register</var>
			</disj>
		</rule>
		<rule>
			<disj>
				<var>Payment</var>
				<disj>
					<var>Shipment</var>
					<not>
						<var>Buy</var>
					</not>
				</disj>
			</disj>
		</rule>
		<rule>
			<disj>
				<var>Login</var>
				<not>
					<var>Notification</var>
				</not>
			</disj>
		</rule>
	</constraints>
</featureModel>
