<?xml version="1.0" encoding="UTF-8" standalone="no"?>
	<featureModel>
		<struct>
			<and abstract="true" mandatory="true" name="DB">
				<alt abstract="true" mandatory="true" name="OS">
					<feature mandatory="true" name="NutOS"/>
					<feature mandatory="true" name="Win"/>
				</alt>
				<alt abstract="true" mandatory="true" name="BufferMgr">
					<and abstract="true" mandatory="true" name="Persistent">
						<alt abstract="true" mandatory="true" name="MemAlloc">
							<feature mandatory="true" name="Static"/>
							<feature mandatory="true" name="Dynamic"/>
						</alt>
						<alt abstract="true" mandatory="true" name="PageRepl">
							<feature mandatory="true" name="LRU"/>
							<feature mandatory="true" name="LFU"/>
						</alt>
					</and>
					<feature mandatory="true" name="InMemory"/>
				</alt>
				<feature name="DebugLogging"/>
				<and abstract="true" mandatory="true" name="Storage">
					<or abstract="true" mandatory="true" name="API">
						<feature mandatory="true" name="get"/>
						<feature mandatory="true" name="put"/>
						<feature mandatory="true" name="delete"/>
					</or>
					<alt abstract="true" mandatory="true" name="Index">
						<feature mandatory="true" name="BTree"/>
						<feature mandatory="true" name="Unindexed"/>
					</alt>
				</and>
			</and>
		</struct>
		<constraints/>
		<comments/>
	</featureModel>
