<?xml version="1.0" encoding="UTF-8" standalone="no"?>
	<featureModel>
		<struct>
			<alt abstract="true" mandatory="true" name="GPL">
				<and abstract="true" mandatory="true" name="MainGpl">
					<alt abstract="true" hidden="true" mandatory="true" name="Driver">
						<and abstract="true" mandatory="true" name="DriverProg">
							<feature mandatory="true" name="Prog"/>
							<feature mandatory="true" name="Benchmark"/>
						</and>
					</alt>
					<or abstract="true" mandatory="true" name="Alg">
						<feature mandatory="true" name="Number"/>
						<feature mandatory="true" name="Connected"/>
						<and abstract="true" mandatory="true" name="StrongConnect">
							<feature mandatory="true" name="Transpose"/>
							<feature mandatory="true" name="StronglyConnected"/>
						</and>
						<feature mandatory="true" name="Cycle"/>
						<feature mandatory="true" name="MSTPrim"/>
						<feature mandatory="true" name="MSTKruskal"/>
						<feature mandatory="true" name="ShortestPath"/>
					</or>
					<alt abstract="true" name="Src">
						<feature mandatory="true" name="BFS"/>
						<feature mandatory="true" name="DFS"/>
					</alt>
					<alt abstract="true" mandatory="true" name="Wgt">
						<feature mandatory="true" name="Weighted"/>
						<feature mandatory="true" name="Unweighted"/>
					</alt>
					<alt abstract="true" mandatory="true" name="Gtp">
						<feature mandatory="true" name="Directed"/>
						<feature mandatory="true" name="Undirected"/>
					</alt>
				</and>
			</alt>
		</struct>
		<constraints>
			<rule>
				<imp>
					<var>Number</var>
					<conj>
						<var>Gtp</var>
						<var>Src</var>
					</conj>
				</imp>
			</rule>
			<rule>
				<imp>
					<var>Connected</var>
					<conj>
						<var>Undirected</var>
						<var>Src</var>
					</conj>
				</imp>
			</rule>
			<rule>
				<imp>
					<var>StrongConnect</var>
					<conj>
						<var>Directed</var>
						<var>DFS</var>
					</conj>
				</imp>
			</rule>
			<rule>
				<imp>
					<var>Cycle</var>
					<conj>
						<var>Gtp</var>
						<var>DFS</var>
					</conj>
				</imp>
			</rule>
			<rule>
				<imp>
					<disj>
						<var>MSTKruskal</var>
						<var>MSTPrim</var>
					</disj>
					<conj>
						<var>Undirected</var>
						<var>Weighted</var>
					</conj>
				</imp>
			</rule>
			<rule>
				<imp>
					<disj>
						<var>MSTKruskal</var>
						<var>MSTPrim</var>
					</disj>
					<not>
						<conj>
							<var>MSTKruskal</var>
							<var>MSTPrim</var>
						</conj>
					</not>
				</imp>
			</rule>
			<rule>
				<imp>
					<var>ShortestPath</var>
					<conj>
						<var>Directed</var>
						<var>Weighted</var>
					</conj>
				</imp>
			</rule>
		</constraints>
		<comments>
			<c>* GPL domain model February 2005 *</c>
			<c> gramma</c>
			<c> constraint</c>
			<c> formattin</c>
			<c>ShortestPath { out="Shortest" </c>
			<c>Unweighted { out="" }</c>
		</comments>
	</featureModel>
