<?xml version="1.0" encoding="UTF-8" standalone="no"?>
	<featureModel>
		<struct>
			<and mandatory="true" name="GraphLibrary">
				<alt mandatory="true" name="Edges">
					<feature mandatory="true" name="Directed"/>
					<feature mandatory="true" name="Undirected"/>
				</alt>
				<or name="Algorithms">
					<feature mandatory="true" name="Number"/>
					<feature mandatory="true" name="Cycle"/>
				</or>
			</and>
		</struct>
		<constraints>
			<rule>
				<imp>
					<var>Cycle</var>
					<var>Directed</var>
				</imp>
			</rule>
		</constraints>
		<comments/>
	</featureModel>
