<?xml version="1.0" encoding="UTF-8" standalone="no"?>
<featureModel>
	<struct>
		<and mandatory="true" name="Ice Cream">
			<alt mandatory="true" name="Category">
				<feature name="Popsicle"/>
				<feature name="Scoop"/>
			</alt>
			<or mandatory="true" name="Flavors">
				<feature name="Lemon"/>
				<alt name="Chocolate">
					<feature name="White"/>
					<feature name="Dark"/>
				</alt>
			</or>
			<alt mandatory="true" name="Container">
				<feature name="Stick"/>
				<feature name="Cup"/>
				<feature name="Cone"/>
			</alt>
			<feature name="Waffle"/>
			<feature name="Name of customer"/>
		</and>
	</struct>
	<constraints>
		<rule>
			<imp>
				<var>Popsicle</var>
				<var>Stick</var>
			</imp>
		</rule>
		<rule>
			<imp>
				<var>Scoop</var>
				<disj>
					<var>Cup</var>
					<var>Cone</var>
				</disj>
			</imp>
		</rule>
	</constraints>
</featureModel>
