<?xml version="1.0" encoding="UTF-8" standalone="no"?>
<featureModel>
	<struct>
		<and abstract="true" mandatory="true" name="Pizza">
			<alt mandatory="true" name="Sauce">
				<feature name="Tomato"/>
				<feature name="Hollandaise"/>
			</alt>
			<feature mandatory="true" name="Dough"/>
			<or mandatory="true" name="Vegetables">
				<feature name="Mushrooms"/>
				<feature name="Pepper"/>
			</or>
			<feature name="Cheese"/>
			<or name="Meat">
				<feature name="Salami"/>
				<feature name="Ham"/>
			</or>
		</and>
	</struct>
	<constraints>
		<rule>
			<imp>
				<var>Pepper</var>
				<not>
					<var>Hollandaise</var>
				</not>
			</imp>
		</rule>
	</constraints>
</featureModel>
