<?xml version="1.0" encoding="UTF-8" standalone="no"?>
<featureModel>
	<struct>
		<and mandatory="true" name="Accessibility">
			<and name="Appearance">
				<and mandatory="true" name="Look">
					<alt mandatory="true" name="Background">
						<feature name="TwillightFrost2560x1600"/>
						<feature name="EarlyBlossom2560x1600"/>
						<feature name="Ubuntu2560x1600"/>
						<feature name="MorningDew2560x1600"/>
						<feature name="PrecisePagolin2560x1600"/>
						<feature name="DelicatePetals2560x1600"/>
					</alt>
					<alt mandatory="true" name="Theme">
						<feature name="Adwaita"/>
						<feature name="AmbianceDefault"/>
						<feature name="Radiance"/>
						<feature name="HighContrast1"/>
					</alt>
					<alt mandatory="true" name="LauncherIconSize">
						<feature name="_48"/>
						<feature name="_32"/>
						<feature name="_64"/>
					</alt>
				</and>
				<and mandatory="true" name="Behaviour">
					<feature name="AutoHideTheLauncher"/>
					<alt mandatory="true" name="RevealLocation">
						<feature name="Left1"/>
						<feature name="TopLeftCorner"/>
					</alt>
					<alt mandatory="true" name="RevealSensitivity">
						<feature name="Low"/>
						<feature name="High"/>
					</alt>
					<feature name="EnableWorkspaces"/>
					<feature name="AddShowDesktopIconToTheLauncher"/>
					<alt mandatory="true" name="ShowTheMenusForAWindow">
						<feature name="InTheMenuBar"/>
						<feature name="InTheWindowsTitleBar"/>
					</alt>
				</and>
			</and>
			<and name="BrightnessAndLock">
				<and mandatory="true" name="Brightness">
					<feature name="DimSceenToSaveLeft"/>
					<alt mandatory="true" name="TurnScreenOffWhenInactiveFor">
						<feature name="_2Minutes"/>
						<feature name="_1Hour"/>
						<feature name="_10Minutes"/>
						<feature name="_30Minutes"/>
						<feature name="_1Minute"/>
						<feature name="Never"/>
						<feature name="_3Minutes"/>
					</alt>
				</and>
				<and name="Lock1">
					<alt mandatory="true" name="LockScreenAfter">
						<feature name="_30Minutes_"/>
						<feature name="_2Minutes_"/>
						<feature name="_1Hour_"/>
						<feature name="_10Minutes_"/>
						<feature name="ScreenTurnsOff"/>
						<feature name="_1Minute_"/>
						<feature name="_30Seconds"/>
						<feature name="_5Minutes_"/>
					</alt>
				</and>
				<feature name="RequireMyPasswordWhenWakingFromSuspend"/>
			</and>
			<and name="Displays">
				<alt mandatory="true" name="Resolution">
					<feature name="Normal"/>
					<feature name="Clockwise"/>
					<feature name="Counterclockwise"/>
					<feature name="_180Degres"/>
				</alt>
				<feature mandatory="true" name="Rotation"/>
				<alt mandatory="true" name="LauncherPlacement">
					<feature name="AllDisplays"/>
					<feature name="BuiltInDisplay1"/>
				</alt>
				<feature name="StickyEdges"/>
				<feature mandatory="true" name="ScaleForMenuAndTitleBars"/>
				<alt mandatory="true" name="ScaleAllWindowContentToMatch">
					<feature name="DisplayWithSmallestControls"/>
					<feature name="DisplayWithLargestControls"/>
					<feature name="BuiltInDisplay2"/>
				</alt>
			</and>
			<and name="TextEntry">
				<alt mandatory="true" name="SwitchToNextSourceUsing">
					<feature name="Super_Space1"/>
					<feature name="New_Accelerator2"/>
				</alt>
				<alt mandatory="true" name="SwitchToPreviousSourceUsing">
					<feature name="New_Accelerator1"/>
					<feature name="Shift_Super_Space1"/>
				</alt>
				<alt name="AllowDifferentLayoutsForIndividualWindows1">
					<feature name="NewWindowsUseTheCurrentSource"/>
					<feature name="NewWindowsUseTheDefaultSource"/>
				</alt>
				<alt abstract="true" mandatory="true" name="TextEntry_4">
					<feature name="AllowDifferentSourcesForEachWindow"/>
					<feature name="UseTheSameSourceForAllWindows"/>
				</alt>
				<alt mandatory="true" name="ShowInputCandidates">
					<feature name="Vertically"/>
					<feature name="Horizontally"/>
				</alt>
				<feature name="UsingCustomFont"/>
				<and name="KeyboardSetting">
					<and mandatory="true" name="Typing1">
						<alt abstract="true" mandatory="true" name="Typing1_1">
							<and name="CursorBlinking">
								<feature name="CursorBlinksInTextFields"/>
								<alt name="Speed2">
									<feature name="Fast2"/>
									<feature name="Slow2"/>
								</alt>
							</and>
							<and name="RepeatKeys">
								<feature name="KeyPressesRepeatWhenKeyIsHeldDown"/>
								<alt mandatory="true" name="Delay2">
									<feature name="Short4"/>
									<feature name="Long1"/>
								</alt>
								<alt mandatory="true" name="Speed1">
									<feature name="Fast1"/>
									<feature name="Slow1"/>
								</alt>
							</and>
						</alt>
						<alt name="LayoutSettings">
							<alt name="AllowDifferentLayoutsForIndividualWindows2">
								<feature name="NewWindowsUseTheDefaultLayout"/>
								<feature name="NewWindowsUseThePreviousWindowsLayout"/>
							</alt>
							<feature name="UseTheSameLayoutForAllWindows"/>
						</alt>
					</and>
					<and name="Shortcuts">
						<alt name="Launchers">
							<and name="KeyToShowTheHUD">
								<feature mandatory="true" name="Alt_T"/>
							</and>
							<and name="LauncherTerminal">
								<feature mandatory="true" name="Ctrl_Alt_T"/>
							</and>
						</alt>
						<and name="Navigation">
							<and mandatory="true" name="MoveWindowToWorkspace">
								<feature mandatory="true" name="Disabled1"/>
							</and>
						</and>
						<alt name="Screenshots">
							<and name="CopyAScreenhotOfAnAreaToClipboard">
								<feature mandatory="true" name="Shift_Ctrl_Print"/>
							</and>
							<and name="TakeAScreenshotOfAWindow">
								<feature mandatory="true" name="Alt_Print"/>
							</and>
							<and name="CopyAScreenshotOfAwindowToClipboard">
								<feature mandatory="true" name="Ctrl_Alt_Print"/>
							</and>
							<and name="TakeAScreenshot">
								<feature mandatory="true" name="Print"/>
							</and>
							<and name="CopyAScreenshotToClipboard">
								<feature mandatory="true" name="Ctrl_Print"/>
							</and>
							<and name="TakeAScreenshotOfAnArea">
								<feature mandatory="true" name="Shift_Print"/>
							</and>
						</alt>
						<feature name="SoundAndMedia"/>
						<alt name="System">
							<and name="LockScreen">
								<feature mandatory="true" name="Ctrl_Alt_L"/>
							</and>
							<and name="LogOut">
								<feature mandatory="true" name="Ctr_Alt_Delete"/>
							</and>
						</alt>
						<alt name="Typing2">
							<and name="SwitchToNextSource">
								<feature mandatory="true" name="Super_Space2"/>
							</and>
							<and name="ComposeKey">
								<feature mandatory="true" name="Disabled2"/>
							</and>
							<and name="AlternativeCharactersKey">
								<feature mandatory="true" name="Disabled3"/>
							</and>
							<and name="SwitchToPreviousSource">
								<feature mandatory="true" name="Shift_Super_Space2"/>
							</and>
						</alt>
						<alt name="UniversalAccess2">
							<and name="TurnOnScreenKeyboardOnOrOff">
								<feature mandatory="true" name="Disabled4"/>
							</and>
							<and name="DecreaseTextSize">
								<feature mandatory="true" name="Disabled6"/>
							</and>
							<and name="IncreaseTextSize">
								<feature mandatory="true" name="Disabled5"/>
							</and>
							<and name="ZoomIn">
								<feature mandatory="true" name="Alt_Super_plusEqual"/>
							</and>
							<and name="TurnZoomOnOrOff">
								<feature mandatory="true" name="Alt_Super_plus1"/>
							</and>
							<and name="TurnScreenReaderOnOrOff">
								<feature mandatory="true" name="Alt_Super_plus2"/>
							</and>
							<and name="ZoomOut">
								<feature mandatory="true" name="Alt_Super_plusMinus"/>
							</and>
							<and name="HighContrastOnOrOff">
								<feature mandatory="true" name="Disabled7"/>
							</and>
						</alt>
						<alt name="Windows">
							<and name="ToggleMaximisationState">
								<feature mandatory="true" name="Ctrl_Alt_S1"/>
							</and>
							<and name="ToggleShadedState">
								<feature mandatory="true" name="Ctrl_Alt_S2"/>
							</and>
							<and name="MaximiseWindow">
								<feature mandatory="true" name="Ctrl_Super_Up"/>
							</and>
							<and name="MoveWindow">
								<feature mandatory="true" name="Alt_F7"/>
							</and>
							<and name="MinimizeWindow">
								<feature mandatory="true" name="Ctrl_Alt_0"/>
							</and>
							<and name="ActivateTheWindowMenu">
								<feature mandatory="true" name="Alt_Space"/>
							</and>
							<and name="ResizeWindow">
								<feature mandatory="true" name="Alt_F8"/>
							</and>
							<and name="RaiseWindowAboveOtherWindows">
								<feature mandatory="true" name="Disabled9"/>
							</and>
							<and name="ToggleFullscreenMode">
								<feature mandatory="true" name="Disabled8"/>
							</and>
							<and name="RestoreWindow">
								<feature mandatory="true" name="Ctrl_Super_Down"/>
							</and>
							<and name="CloseWindow">
								<feature mandatory="true" name="Alt_F4"/>
							</and>
							<and name="LowerWindowBelowOtherWindows">
								<feature mandatory="true" name="Disabled10"/>
							</and>
						</alt>
						<feature name="CustomShortcuts"/>
					</and>
				</and>
			</and>
			<and name="UniversalAccess1">
				<and name="Seeing">
					<feature name="HighContrast2"/>
					<feature name="LargeText"/>
					<feature name="ScreenReader"/>
					<feature name="BeepOnCapsAndNumLock"/>
				</and>
				<and name="Hearing">
					<alt name="VisualAlerts">
						<feature name="FlashTheWindowTitle"/>
						<feature name="FlashTheEntireScreen"/>
					</alt>
				</and>
				<and name="Typing3">
					<feature name="OnScreenKeyboard"/>
					<and name="StickyKeys">
						<feature name="DisableIfTwoKeysArePressedTogether"/>
						<feature name="BeepWhenAModifierKeysIsPressed"/>
					</and>
					<and name="SlowKeys">
						<alt mandatory="true" name="AcceptanceDelay3">
							<feature name="Long2"/>
							<feature name="Short5"/>
						</alt>
						<or name="BeepWhenAKeysIs">
							<feature name="Accepted"/>
							<feature name="Rejected"/>
							<feature name="Pressed"/>
						</or>
					</and>
					<and name="BounceKeys">
						<alt mandatory="true" name="AcceptanceDelay1">
							<feature name="Long3"/>
							<feature name="Short1"/>
						</alt>
						<feature name="BeepWhenAKeyIsRejected"/>
					</and>
					<feature name="EnableByKeyboard"/>
				</and>
				<and name="PointingAndClicking">
					<feature name="MouseKeys"/>
					<and name="SimulatedSecondaryCLick">
						<alt name="AcceptanceDelay2">
							<feature name="Long4"/>
							<feature name="Short2"/>
						</alt>
					</and>
					<and name="HoverClick">
						<alt name="Delay1">
							<feature name="Long5"/>
							<feature name="Short3"/>
						</alt>
						<alt name="MotionThreshold">
							<feature name="Large"/>
							<feature name="Small"/>
						</alt>
					</and>
					<and name="MouseSettings">
						<and mandatory="true" name="General">
							<alt mandatory="true" name="PrimaryButton">
								<feature name="Right"/>
								<feature name="Left2"/>
							</alt>
							<alt mandatory="true" name="DoubleClick">
								<feature name="Slow3"/>
								<feature name="Fast3"/>
							</alt>
						</and>
						<and name="Touchpad">
							<feature mandatory="true" name="PointerSpeed"/>
							<feature name="DisableWhileTyping"/>
							<feature name="TapTopClick"/>
							<feature name="TwoFingerScroll"/>
							<feature name="NaturalScrolling"/>
						</and>
					</and>
				</and>
			</and>
			<feature name="BuiltInDisplay"/>
			<feature name="Super_Space"/>
			<feature name="Shift_Super_Space"/>
			<feature name="New_Accelerator"/>
			<feature name="AllowDifferentLayoutsForIndividualWindows"/>
			<feature name="Typing"/>
			<feature name="Short"/>
			<feature name="Long"/>
			<feature name="Speed"/>
			<feature name="Slow"/>
			<feature name="Fast"/>
			<feature name="UniversalAccess"/>
			<feature name="Disabled"/>
			<feature name="Alt_Super_plus"/>
			<feature name="Ctrl_Alt_S"/>
			<feature name="HighContrast"/>
			<feature name="AcceptanceDelay"/>
			<feature name="Delay"/>
			<feature name="Left"/>
		</and>
	</struct>
	<constraints>
		<rule>
			<disj>
				<not>
					<var>Disabled6</var>
				</not>
				<var>Disabled</var>
			</disj>
		</rule>
		<rule>
			<disj>
				<not>
					<var>Short2</var>
				</not>
				<var>Short</var>
			</disj>
		</rule>
		<rule>
			<disj>
				<not>
					<var>Short4</var>
				</not>
				<var>Short</var>
			</disj>
		</rule>
		<rule>
			<disj>
				<not>
					<var>Fast</var>
				</not>
				<disj>
					<var>Fast1</var>
					<disj>
						<var>Fast2</var>
						<var>Fast3</var>
					</disj>
				</disj>
			</disj>
		</rule>
		<rule>
			<disj>
				<not>
					<var>Ctrl_Alt_S2</var>
				</not>
				<var>Ctrl_Alt_S</var>
			</disj>
		</rule>
		<rule>
			<disj>
				<not>
					<var>Shift_Super_Space</var>
				</not>
				<disj>
					<var>Shift_Super_Space1</var>
					<var>Shift_Super_Space2</var>
				</disj>
			</disj>
		</rule>
		<rule>
			<disj>
				<not>
					<var>Slow</var>
				</not>
				<disj>
					<var>Slow1</var>
					<disj>
						<var>Slow2</var>
						<var>Slow3</var>
					</disj>
				</disj>
			</disj>
		</rule>
		<rule>
			<disj>
				<not>
					<var>Super_Space2</var>
				</not>
				<var>Super_Space</var>
			</disj>
		</rule>
		<rule>
			<disj>
				<not>
					<var>Delay</var>
				</not>
				<disj>
					<var>Delay1</var>
					<var>Delay2</var>
				</disj>
			</disj>
		</rule>
		<rule>
			<disj>
				<not>
					<var>Left1</var>
				</not>
				<var>Left</var>
			</disj>
		</rule>
		<rule>
			<disj>
				<not>
					<var>Disabled10</var>
				</not>
				<var>Disabled</var>
			</disj>
		</rule>
		<rule>
			<disj>
				<not>
					<var>BuiltInDisplay1</var>
				</not>
				<var>BuiltInDisplay</var>
			</disj>
		</rule>
		<rule>
			<disj>
				<not>
					<var>AcceptanceDelay2</var>
				</not>
				<var>AcceptanceDelay</var>
			</disj>
		</rule>
		<rule>
			<disj>
				<not>
					<var>Long5</var>
				</not>
				<var>Long</var>
			</disj>
		</rule>
		<rule>
			<disj>
				<not>
					<var>Ctrl_Alt_S1</var>
				</not>
				<var>Ctrl_Alt_S</var>
			</disj>
		</rule>
		<rule>
			<disj>
				<not>
					<var>UniversalAccess2</var>
				</not>
				<var>UniversalAccess</var>
			</disj>
		</rule>
		<rule>
			<disj>
				<not>
					<var>Disabled2</var>
				</not>
				<var>Disabled</var>
			</disj>
		</rule>
		<rule>
			<disj>
				<not>
					<var>Speed1</var>
				</not>
				<var>Speed</var>
			</disj>
		</rule>
		<rule>
			<disj>
				<not>
					<var>Disabled1</var>
				</not>
				<var>Disabled</var>
			</disj>
		</rule>
		<rule>
			<disj>
				<not>
					<var>AllowDifferentLayoutsForIndividualWindows1</var>
				</not>
				<var>AllowDifferentLayoutsForIndividualWindows</var>
			</disj>
		</rule>
		<rule>
			<disj>
				<not>
					<var>Disabled4</var>
				</not>
				<var>Disabled</var>
			</disj>
		</rule>
		<rule>
			<disj>
				<not>
					<var>Super_Space1</var>
				</not>
				<var>Super_Space</var>
			</disj>
		</rule>
		<rule>
			<disj>
				<not>
					<var>Delay1</var>
				</not>
				<var>Delay</var>
			</disj>
		</rule>
		<rule>
			<disj>
				<not>
					<var>Slow2</var>
				</not>
				<var>Slow</var>
			</disj>
		</rule>
		<rule>
			<disj>
				<not>
					<var>Left2</var>
				</not>
				<var>Left</var>
			</disj>
		</rule>
		<rule>
			<disj>
				<not>
					<var>Speed2</var>
				</not>
				<var>Speed</var>
			</disj>
		</rule>
		<rule>
			<disj>
				<not>
					<var>Short1</var>
				</not>
				<var>Short</var>
			</disj>
		</rule>
		<rule>
			<disj>
				<not>
					<var>Alt_Super_plus1</var>
				</not>
				<var>Alt_Super_plus</var>
			</disj>
		</rule>
		<rule>
			<disj>
				<not>
					<var>Shift_Super_Space1</var>
				</not>
				<var>Shift_Super_Space</var>
			</disj>
		</rule>
		<rule>
			<disj>
				<not>
					<var>New_Accelerator</var>
				</not>
				<disj>
					<var>New_Accelerator1</var>
					<var>New_Accelerator2</var>
				</disj>
			</disj>
		</rule>
		<rule>
			<disj>
				<not>
					<var>BuiltInDisplay2</var>
				</not>
				<var>BuiltInDisplay</var>
			</disj>
		</rule>
		<rule>
			<disj>
				<not>
					<var>Short</var>
				</not>
				<disj>
					<var>Short1</var>
					<disj>
						<var>Short2</var>
						<disj>
							<var>Short3</var>
							<disj>
								<var>Short4</var>
								<var>Short5</var>
							</disj>
						</disj>
					</disj>
				</disj>
			</disj>
		</rule>
		<rule>
			<disj>
				<not>
					<var>Long2</var>
				</not>
				<var>Long</var>
			</disj>
		</rule>
		<rule>
			<disj>
				<not>
					<var>Fast2</var>
				</not>
				<var>Fast</var>
			</disj>
		</rule>
		<rule>
			<disj>
				<not>
					<var>Disabled8</var>
				</not>
				<var>Disabled</var>
			</disj>
		</rule>
		<rule>
			<disj>
				<not>
					<var>Typing1</var>
				</not>
				<var>Typing</var>
			</disj>
		</rule>
		<rule>
			<disj>
				<not>
					<var>AcceptanceDelay3</var>
				</not>
				<var>AcceptanceDelay</var>
			</disj>
		</rule>
		<rule>
			<disj>
				<not>
					<var>Short3</var>
				</not>
				<var>Short</var>
			</disj>
		</rule>
		<rule>
			<disj>
				<not>
					<var>Fast3</var>
				</not>
				<var>Fast</var>
			</disj>
		</rule>
		<rule>
			<disj>
				<not>
					<var>Alt_Super_plus</var>
				</not>
				<disj>
					<var>Alt_Super_plus1</var>
					<var>Alt_Super_plus2</var>
				</disj>
			</disj>
		</rule>
		<rule>
			<disj>
				<not>
					<var>AllowDifferentLayoutsForIndividualWindows2</var>
				</not>
				<var>AllowDifferentLayoutsForIndividualWindows</var>
			</disj>
		</rule>
		<rule>
			<disj>
				<not>
					<var>Super_Space</var>
				</not>
				<disj>
					<var>Super_Space1</var>
					<var>Super_Space2</var>
				</disj>
			</disj>
		</rule>
		<rule>
			<disj>
				<not>
					<var>BuiltInDisplay</var>
				</not>
				<disj>
					<var>BuiltInDisplay1</var>
					<var>BuiltInDisplay2</var>
				</disj>
			</disj>
		</rule>
		<rule>
			<disj>
				<not>
					<var>Alt_Super_plus2</var>
				</not>
				<var>Alt_Super_plus</var>
			</disj>
		</rule>
		<rule>
			<disj>
				<not>
					<var>Long</var>
				</not>
				<disj>
					<var>Long1</var>
					<disj>
						<var>Long2</var>
						<disj>
							<var>Long3</var>
							<disj>
								<var>Long4</var>
								<var>Long5</var>
							</disj>
						</disj>
					</disj>
				</disj>
			</disj>
		</rule>
		<rule>
			<disj>
				<not>
					<var>Typing3</var>
				</not>
				<var>Typing</var>
			</disj>
		</rule>
		<rule>
			<disj>
				<not>
					<var>Long1</var>
				</not>
				<var>Long</var>
			</disj>
		</rule>
		<rule>
			<disj>
				<not>
					<var>Slow3</var>
				</not>
				<var>Slow</var>
			</disj>
		</rule>
		<rule>
			<disj>
				<not>
					<var>UniversalAccess1</var>
				</not>
				<var>UniversalAccess</var>
			</disj>
		</rule>
		<rule>
			<disj>
				<not>
					<var>AcceptanceDelay1</var>
				</not>
				<var>AcceptanceDelay</var>
			</disj>
		</rule>
		<rule>
			<disj>
				<not>
					<var>Short5</var>
				</not>
				<var>Short</var>
			</disj>
		</rule>
		<rule>
			<disj>
				<not>
					<var>Disabled3</var>
				</not>
				<var>Disabled</var>
			</disj>
		</rule>
		<rule>
			<disj>
				<not>
					<var>UniversalAccess</var>
				</not>
				<disj>
					<var>UniversalAccess1</var>
					<var>UniversalAccess2</var>
				</disj>
			</disj>
		</rule>
		<rule>
			<disj>
				<not>
					<var>AllowDifferentLayoutsForIndividualWindows</var>
				</not>
				<disj>
					<var>AllowDifferentLayoutsForIndividualWindows1</var>
					<var>AllowDifferentLayoutsForIndividualWindows2</var>
				</disj>
			</disj>
		</rule>
		<rule>
			<disj>
				<not>
					<var>Disabled</var>
				</not>
				<disj>
					<var>Disabled1</var>
					<disj>
						<var>Disabled2</var>
						<disj>
							<var>Disabled3</var>
							<disj>
								<var>Disabled4</var>
								<disj>
									<var>Disabled5</var>
									<disj>
										<var>Disabled6</var>
										<disj>
											<var>Disabled7</var>
											<disj>
												<var>Disabled8</var>
												<disj>
													<var>Disabled9</var>
													<var>Disabled10</var>
												</disj>
											</disj>
										</disj>
									</disj>
								</disj>
							</disj>
						</disj>
					</disj>
				</disj>
			</disj>
		</rule>
		<rule>
			<disj>
				<not>
					<var>Disabled9</var>
				</not>
				<var>Disabled</var>
			</disj>
		</rule>
		<rule>
			<disj>
				<not>
					<var>Left</var>
				</not>
				<disj>
					<var>Left1</var>
					<var>Left2</var>
				</disj>
			</disj>
		</rule>
		<rule>
			<disj>
				<not>
					<var>Slow1</var>
				</not>
				<var>Slow</var>
			</disj>
		</rule>
		<rule>
			<disj>
				<not>
					<var>New_Accelerator1</var>
				</not>
				<var>New_Accelerator</var>
			</disj>
		</rule>
		<rule>
			<disj>
				<not>
					<var>New_Accelerator2</var>
				</not>
				<var>New_Accelerator</var>
			</disj>
		</rule>
		<rule>
			<disj>
				<not>
					<var>Typing2</var>
				</not>
				<var>Typing</var>
			</disj>
		</rule>
		<rule>
			<disj>
				<not>
					<var>Delay2</var>
				</not>
				<var>Delay</var>
			</disj>
		</rule>
		<rule>
			<disj>
				<not>
					<var>Speed</var>
				</not>
				<disj>
					<var>Speed1</var>
					<var>Speed2</var>
				</disj>
			</disj>
		</rule>
		<rule>
			<disj>
				<not>
					<var>Fast1</var>
				</not>
				<var>Fast</var>
			</disj>
		</rule>
		<rule>
			<disj>
				<not>
					<var>Typing</var>
				</not>
				<disj>
					<var>Typing1</var>
					<disj>
						<var>Typing2</var>
						<var>Typing3</var>
					</disj>
				</disj>
			</disj>
		</rule>
		<rule>
			<disj>
				<not>
					<var>Shift_Super_Space2</var>
				</not>
				<var>Shift_Super_Space</var>
			</disj>
		</rule>
		<rule>
			<disj>
				<not>
					<var>Ctrl_Alt_S</var>
				</not>
				<disj>
					<var>Ctrl_Alt_S1</var>
					<var>Ctrl_Alt_S2</var>
				</disj>
			</disj>
		</rule>
		<rule>
			<disj>
				<not>
					<var>Long4</var>
				</not>
				<var>Long</var>
			</disj>
		</rule>
		<rule>
			<disj>
				<not>
					<var>Disabled5</var>
				</not>
				<var>Disabled</var>
			</disj>
		</rule>
		<rule>
			<disj>
				<not>
					<var>Long3</var>
				</not>
				<var>Long</var>
			</disj>
		</rule>
		<rule>
			<disj>
				<not>
					<var>Disabled7</var>
				</not>
				<var>Disabled</var>
			</disj>
		</rule>
		<rule>
			<disj>
				<not>
					<var>AcceptanceDelay</var>
				</not>
				<disj>
					<var>AcceptanceDelay1</var>
					<disj>
						<var>AcceptanceDelay2</var>
						<var>AcceptanceDelay3</var>
					</disj>
				</disj>
			</disj>
		</rule>
	</constraints>
</featureModel>
