<?xml version="1.0" encoding="UTF-8" standalone="no"?>
<featureModel>
	<struct>
		<and mandatory="true" name="Accessibility">
			<and name="UseTheComputerWithoutAScreen">
				<and name="HearTheTextReadAloud">
					<or abstract="true" mandatory="true" name="HearTheTextReadAloud_1">
						<feature name="EnableAudioDescription"/>
						<feature name="ActivateTheNarrator"/>
					</or>
					<feature name="ConfigureVoiceSynthesis"/>
				</and>
				<or name="AdjustSchedulingLimitAndFlashingVisual">
					<feature name="HowLongTheNotificationBoxesShouldRemainOpen"/>
					<feature name="DisableAllUnnecessaryAnimations"/>
				</or>
				<and name="SeeAsWell">
					<feature name="AudioDevicesAndSoundThemes"/>
					<feature name="OnlineSupportTechnologies"/>
				</and>
				<and name="OthersPrograms">
					<feature mandatory="true" name="ActivateJavaAccessBridge"/>
				</and>
			</and>
			<or name="ImproveTheReadabilityOfTheComputer">
				<or name="MakeTheElementOnTheScreenEasierToSee">
					<feature name="MakeTheFocusRectangleThicker"/>
					<feature name="DisableAllUnnecessaryAnimations_"/>
					<feature name="RemoveBackgroundImages"/>
					<feature name="AdjustTheColorAndTransparencyOfWindowsBorders"/>
					<feature name="AdjustTheDisplayEffect"/>
				</or>
				<or name="EnchargeTheItemsDisplayOnTheScreen">
					<feature name="ChangeTheSizeOfTextAndIcons"/>
					<feature name="ActivateMagnifyingGlass"/>
				</or>
				<or name="HighContrast">
					<feature name="ChooseAHighContrastSet"/>
					<feature name="EnableOrDisableHighContrast"/>
				</or>
			</or>
			<or name="UseTheComputerWithoutAMouseOrKeyboard">
				<and name="GrabUsingAPointingDevice">
					<feature mandatory="true" name="UseVisualKeyboard"/>
				</and>
				<or name="AvoidUsingMouseAndKeyboard">
					<feature name="UseVoiceRecognition"/>
					<feature name="SpeakIntoAMicrophoneToControlComputer"/>
				</or>
			</or>
			<and name="MakeTheMouseEasierToUse">
				<alt name="MousePointer">
					<feature name="StandardWhite"/>
					<feature name="StandardBlack"/>
					<feature name="StandardInverted"/>
					<feature name="LargeBlack"/>
					<feature name="LargeWhite"/>
					<feature name="LargerWhite"/>
					<feature name="LargerBlack"/>
					<feature name="LargeInverted"/>
					<feature name="LargerInverted"/>
				</alt>
				<or name="ControlTheMouseWithTheKeyboard">
					<feature name="ConfigureMouseKeys"/>
					<feature name="ActivateMouseKey"/>
				</or>
				<or name="EasyToManageWindows">
					<feature name="PreventWindowsFromBeingAutomaticallyReorganized_"/>
					<feature name="ActivateAWindowsByClickingOnItWithTheMouse_"/>
				</or>
				<feature name="MouseSetting"/>
			</and>
			<or name="MakeTheKeyboardEasierToUse">
				<or name="ControlTheMouseWithTheKeyboard_">
					<feature name="ActivateMouseKey_"/>
					<feature name="ConfigureMouseKeys_"/>
				</or>
				<or name="SeeAsWell_">
					<feature name="AddADvorakKeyboard"/>
					<feature name="KeyboardSetting"/>
				</or>
				<and name="MakeUsingKeyboardShortcutsEasier">
					<feature mandatory="true" name="HighlightKeyboardShortcutsAndHotkeys"/>
				</and>
				<or name="MakeEntryEasier">
					<feature name="ActivateTheFilterKeys"/>
					<feature name="ConfigureTheFilterKeys"/>
					<feature name="ConfigureTheRetentiveKeys"/>
					<feature name="ActivateTheRetentiveKeys"/>
					<feature name="ActivateTheToggleKeys"/>
				</or>
				<and name="EasyToManageWindows_">
					<feature mandatory="true" name="PreventWindowsFromBeingAutomaticallyReorganized__"/>
				</and>
			</or>
			<or name="ReplaceSoundByOtherWrittenOrVisualMethods">
				<alt name="ChooseAVisualWarning">
					<feature name="Nothing"/>
					<feature name="FlashTheActiveLegendeBar"/>
					<feature name="MakeTheDesktopBlink"/>
					<feature name="FlashTheActiveWindows"/>
				</alt>
				<feature name="ActivateSubtilesForSpokenDialogue"/>
				<feature name="AudioDevicesAndSoundThemes_"/>
			</or>
			<feature name="MakingTasksEasierToAccomplish"/>
		</and>
	</struct>
</featureModel>
